{
  "average_time_cost": {
    "all": 291.0266609893853,
    "single_line": 136.55352700427,
    "multi_line": 471.941142233214
  }
}